Store_Name,Id,category,floor,logoURL
Apple,0,Tech,G,
Nike,1,Shoes,1,https://ashishdevden.github.io/MallNavigation/Logo/Nike.png
HnM,2,Cloths,G,https://ashishdevden.github.io/MallNavigation/Logo/HnM%20logo.png
KFC,3,Food,1,https://ashishdevden.github.io/MallNavigation/Logo/KFC.png
Peter England,4,Cloths,1,https://ashishdevden.github.io/MallNavigation/Logo/Peter%20England_Logo%201.png
Adidas,5,Shoes,G,https://ashishdevden.github.io/MallNavigation/Logo/adidas.png
Airtel,6,Tech,1,https://ashishdevden.github.io/MallNavigation/Logo/airtel.png
Puma,7,Shoes,2,https://ashishdevden.github.io/MallNavigation/Logo/puma%20Logo.png
Apple,8,Tech,G,https://ashishdevden.github.io/MallNavigation/Logo/Apple_Logo%201.png
Nike,9,Shoes,2,https://ashishdevden.github.io/MallNavigation/Logo/Nike.png
HnM,10,Cloths,G,https://ashishdevden.github.io/MallNavigation/Logo/HnM%20logo.png
KFC,11,Food,1,https://ashishdevden.github.io/MallNavigation/Logo/KFC.png
Peter England,12,Cloths,1,https://ashishdevden.github.io/MallNavigation/Logo/Peter%20England_Logo%201.png
Adidas,13,Shoes,G,https://ashishdevden.github.io/MallNavigation/Logo/adidas.png
Airtel,14,Tech,3,https://ashishdevden.github.io/MallNavigation/Logo/airtel.png
Puma,15,Shoes,4,https://ashishdevden.github.io/MallNavigation/Logo/puma%20Logo.png
Apple,16,Tech,G,https://ashishdevden.github.io/MallNavigation/Logo/Apple_Logo%201.png
Nike,17,Shoes,2,https://ashishdevden.github.io/MallNavigation/Logo/Nike.png
HnM,18,Cloths,G,https://ashishdevden.github.io/MallNavigation/Logo/HnM%20logo.png
KFC,19,Food,1,https://ashishdevden.github.io/MallNavigation/Logo/KFC.png
Peter England,20,Cloths,1,https://ashishdevden.github.io/MallNavigation/Logo/Peter%20England_Logo%201.png
Adidas,21,Shoes,G,https://ashishdevden.github.io/MallNavigation/Logo/adidas.png
Airtel,22,Tech,3,https://ashishdevden.github.io/MallNavigation/Logo/airtel.png
Puma,23,Shoes,4,https://ashishdevden.github.io/MallNavigation/Logo/puma%20Logo.png
Apple,24,Tech,G,https://ashishdevden.github.io/MallNavigation/Logo/Apple_Logo%201.png
Nike,25,Shoes,2,https://ashishdevden.github.io/MallNavigation/Logo/Nike.png
HnM,26,Cloths,G,https://ashishdevden.github.io/MallNavigation/Logo/HnM%20logo.png
KFC,27,Food,1,https://ashishdevden.github.io/MallNavigation/Logo/KFC.png
Peter England,28,Cloths,1,https://ashishdevden.github.io/MallNavigation/Logo/Peter%20England_Logo%201.png
Adidas,29,Shoes,G,https://ashishdevden.github.io/MallNavigation/Logo/adidas.png
Airtel,30,Tech,3,https://ashishdevden.github.io/MallNavigation/Logo/airtel.png
Puma,31,Shoes,4,https://ashishdevden.github.io/MallNavigation/Logo/puma%20Logo.png
Apple,32,Tech,G,https://ashishdevden.github.io/MallNavigation/Logo/Apple_Logo%201.png
Nike,33,Shoes,2,https://ashishdevden.github.io/MallNavigation/Logo/Nike.png
HnM,34,Cloths,G,https://ashishdevden.github.io/MallNavigation/Logo/HnM%20logo.png
KFC,35,Food,1,https://ashishdevden.github.io/MallNavigation/Logo/KFC.png
Peter England,36,Cloths,1,https://ashishdevden.github.io/MallNavigation/Logo/Peter%20England_Logo%201.png
Adidas,37,Shoes,G,https://ashishdevden.github.io/MallNavigation/Logo/adidas.png
Airtel,38,Tech,3,https://ashishdevden.github.io/MallNavigation/Logo/airtel.png
Puma,39,Shoes,4,https://ashishdevden.github.io/MallNavigation/Logo/puma%20Logo.png
Puma,40,Shoes,4,
Ocean Investments Ltd ,SM1,Supermarket ,L1,https://ashishdevden.github.io/MallNavigation/Logo/Ocean%20Investments%20Ltd.png
Pacific Tech,K1,Tech Gadgets,L1,https://ashishdevden.github.io/MallNavigation/Logo/Pacific%20Tech.png
Simo – variety / gift ,K2,Gifts & souvenir ,L1,https://ashishdevden.github.io/MallNavigation/Logo/Simo%20_%20variety_%20gift.png
Simo – Bmobile ,K2a,Telecom ,L1,https://ashishdevden.github.io/MallNavigation/Logo/Simo%20_%20variety_%20gift.png
Alibi Juice Bar ,K3,Restaurant ,L1,https://ashishdevden.github.io/MallNavigation/Logo/Alibi%20Juice%20Bar.png
Fone Haus ,T1,Telecom ,L1,https://ashishdevden.github.io/MallNavigation/Logo/Fone%20Haus.png
Jean's West ,T2,Clothing ,L1,https://ashishdevden.github.io/MallNavigation/Logo/Jean's%20West.png
Pacific Tech ,T3,Tech Gadgets,L1,https://ashishdevden.github.io/MallNavigation/Logo/Pacific%20Tech.png
Rapid Fones ,T4,Telecom ,L1,https://ashishdevden.github.io/MallNavigation/Logo/Rapid%20Fones.png
BNBM ,T5,Home Appliances ,L1,https://ashishdevden.github.io/MallNavigation/Logo/BNBM.png
BNBM ,T6,Home Appliances ,L1,https://ashishdevden.github.io/MallNavigation/Logo/BNBM.png
Modern Corner& Modern Tribe ,T7,Clothing ,L1,https://ashishdevden.github.io/MallNavigation/Logo/Modern%20Corner%26%20Modern%20Tribe.png
Size Small ,T8,Clothing ,L1,https://ashishdevden.github.io/MallNavigation/Logo/Size%20Small.png
Phone Teck ,T9,Tech Gadgets,L1,https://ashishdevden.github.io/MallNavigation/Logo/Phone%20Teck%20Phone%20Teck.png
Modern Corner ,T10,Clothing ,L1,
Eurosports ,T11,Clothing ,L1,
Cool Stuf ,T12,Tech Gadgets,L1,https://ashishdevden.github.io/MallNavigation/Logo/Cool%20Stuf.png
Blooming Flowers ,T13,Gifts & souvenir ,L1,
Ocean Investments Ltd ,T14,Clothing ,L1,https://ashishdevden.github.io/MallNavigation/Logo/Ocean%20Investments%20Ltd.png
Diamond International ,T15,Health Care ,L1,
CHM ,T16,Home Appliances ,L1,
Private Clothing ,T17,Clothing ,L1,
Private Shoesroom ,T18,Foot wear ,L1,
SPI Travel Limited ,T19,Travel & Exchange ,L1,
Trophy Haus ,T20,Sporting Goods ,L1,
CHM ,T21,Home Appliances ,L1,
Air Niugini Limited ,T22,Travel & Exchange ,L1,https://ashishdevden.github.io/MallNavigation/Logo/Air%20Niugini%20Limited.png
Marks ,T23,Clothing ,L1,
"Sports Bar, Tapas and Gaming ",FC1,Bar & Restaurant ,L2,
Yellow Captain Pizzeria ,FC2,Restaurant ,L2,
Big Roster ,FC3,Restaurant ,L2,
Kivung Restaurant & Bar ,FC4,Bar & Restaurant ,L2,
Asian Haus ( Prakash ) ,FC5,Bar & Restaurant ,L2,
Big Donut ,K4,Restaurant ,L2,
Numundo Steak Haus ,K9,Restaurant ,L2,
Sean Law Niu Core Limited ,K10,Restaurant ,L2,
Coffee Jenny ,K11,Restaurant ,L2,
Taste of Home ,K13,Restaurant ,L2,
Shakers Refreshment Bar ,K14,Restaurant ,L2,
Kuk / Ilimo ,K15,Restaurant ,L2,
Kiwik Travel Money ,T26,Travel & Exchange ,L3,
Pacific Broadband ,T27,Telecom ,L3,https://ashishdevden.github.io/MallNavigation/Logo/Pacific%20Tech.png
Diamond International ,T28,Health Care ,L3,
Hannah's Beauty Box ,T29,Saloon & Spa ,L3,
Kina ATM ,ATM 1 ,ATM ,L1,
Kina ATM ,ATM 2 ,ATM ,L2,
BSP ATM ,ATM 3 ,ATM ,L1,
BSP ATM ,ATM 4 ,ATM ,L2,
